date,open,high,low,close,volume,macd,macdsignal,macdhist,upperband,middleband,lowerband,slowk,slowd,rsi,sma5,sma10,sma20
2021-01-23 00:00:00,470.0,506.0,443.0,459.5,2689.437,,,,,,,,,,,,
2021-01-30 00:00:00,475.0,482.5,417.0,417.5,2912.742,,,,,,,,,,,,
2021-02-06 00:00:00,412.5,420.0,396.0,403.0,1836.711,,,,,,,,,,,,
2021-02-20 00:00:00,406.0,428.5,391.0,428.0,773.29,,,,,,,,,,,,
2021-02-27 00:00:00,423.0,428.0,400.0,405.5,980.57,,,,,,,,,,422.7,,
2021-03-06 00:00:00,410.0,410.0,380.5,381.0,878.108,,,,,,,,,,407.0,,
2021-03-13 00:00:00,384.0,388.0,366.5,372.0,783.295,,,,,,,,,,397.9,,
2021-03-20 00:00:00,376.0,391.0,368.0,383.0,679.757,,,,,,,,,,393.9,,
2021-03-27 00:00:00,389.0,389.0,371.0,373.5,345.369,,,,,,,,,,383.0,,
2021-04-03 00:00:00,374.0,386.0,373.5,382.5,346.471,,,,,,,,,,378.4,400.55,
2021-04-10 00:00:00,383.5,405.0,383.0,395.5,708.689,,,,,,,66.0271444032,37.7872151299,,381.3,394.15,
2021-04-17 00:00:00,395.5,399.0,369.0,376.0,655.208,,,,,,,36.6294094063,44.8210026709,,382.1,390.0,
2021-04-24 00:00:00,382.0,386.0,365.0,370.5,400.896,,,,,,,19.6243124947,40.7602887681,,379.6,386.75,
2021-05-01 00:00:00,372.0,380.0,368.0,370.0,310.162,,,,,,,12.9669601431,23.0735606814,,378.9,380.95,
2021-05-08 00:00:00,370.5,370.5,290.0,305.0,923.919,,,,,,,11.5934907151,14.728254451,21.4417744917,363.4,370.9,
2021-05-15 00:00:00,304.0,308.0,231.5,245.5,1019.245,,,,,,,8.0986682653,10.8863730412,17.3353258995,333.4,357.35,
2021-05-22 00:00:00,225.0,249.0,222.0,249.0,605.886,,,,,,,13.3687520845,11.0203036883,18.3262128797,308.0,345.05,
2021-05-29 00:00:00,249.0,292.5,243.0,266.0,649.714,,,,,,,23.9984536505,15.1552913334,23.1450429182,287.1,333.35,
2021-06-05 00:00:00,268.0,280.0,260.5,270.0,331.105,,,,,,,30.9746392389,22.7806149913,24.277134879,267.1,323.0,
2021-06-12 00:00:00,270.5,295.0,263.0,291.0,252.411,,,,486.0339303134,357.2,228.3660696866,68.9878282693,41.3203070529,30.0986913573,264.3,313.85,357.2
2021-06-19 00:00:00,292.5,292.5,275.0,280.0,251.15,,,,471.7138724491,348.225,224.7361275509,80.7169304857,60.2264659979,28.8476253608,271.2,302.3,348.225
2021-06-26 00:00:00,280.0,284.5,268.5,268.5,396.861,,,,464.6623081423,340.775,216.8876918577,60.522792175,70.07585031,27.5579813455,275.1,291.55,340.775
2021-07-03 00:00:00,269.0,273.0,259.0,260.5,310.245,,,,458.9150880134,333.65,208.3849119866,18.9493287843,53.3963504816,26.6649287533,274.0,280.55,333.65
2021-07-10 00:00:00,260.5,289.0,258.5,268.0,541.537,,,,445.6356919595,325.65,205.6643080405,21.2558453524,33.5759887706,28.9882839032,273.6,270.35,325.65
2021-07-17 00:00:00,269.0,273.0,264.5,273.0,268.241,,,,434.8193289576,319.025,203.2306710424,35.4901086439,25.2317609269,30.5675659482,270.0,267.15,319.025
2021-07-24 00:00:00,274.5,298.0,263.0,296.0,605.636,,,,427.0187108205,314.775,202.5312891795,80.0551495396,45.6003678453,37.4579626939,273.2,272.2,314.775
2021-07-31 00:00:00,308.0,319.5,279.0,288.5,944.762,,,,419.9249189343,310.6,201.2750810657,60.5995138499,58.7149240111,36.1965221262,277.2,276.15,310.6
2021-08-07 00:00:00,281.0,286.0,276.5,277.5,293.481,,,,409.7998812813,305.325,200.8501187187,39.3562182682,60.0036272192,34.3684285559,280.6,277.3,305.325
2021-08-14 00:00:00,277.5,277.5,255.0,256.5,317.72,,,,400.7907372709,299.475,198.1592627291,10.3767553605,36.7774958262,31.1354824185,278.3,275.95,299.475
2021-08-21 00:00:00,255.0,255.5,232.0,240.0,374.33,,,,388.7918569657,292.35,195.9081430343,6.2320529529,18.6550088605,28.8399539193,271.7,270.85,292.35
2021-08-28 00:00:00,243.5,248.0,238.0,244.0,167.496,,,,369.7299770099,284.775,199.8200229901,9.3521498271,8.6536527135,30.1837832976,261.3,267.25,284.775
2021-09-04 00:00:00,244.5,254.0,241.5,251.0,139.094,,,,352.427752782,278.525,204.622247218,27.3258826206,14.3033618002,32.5831631862,253.8,265.5,278.525
2021-09-11 00:00:00,251.0,253.0,239.5,243.0,171.385,,,,332.939559342,272.15,211.360440658,25.5271207031,20.7350510502,31.2608915167,246.9,263.75,272.15
2021-09-18 00:00:00,241.5,249.0,234.5,243.5,162.065,-42.4208619509,-51.6291999216,9.2083379707,305.6839114095,265.825,225.9660885905,43.3098656196,32.0542896478,31.4481370264,244.3,261.3,265.825
2021-09-25 00:00:00,237.5,276.0,237.5,268.0,464.835,-38.3727151533,-48.977902968,10.6051878147,299.1358534986,263.975,228.8141465014,73.0021690122,47.279718445,40.0636054442,249.9,260.8,263.975
2021-10-02 00:00:00,272.0,278.0,240.0,240.5,509.631,-36.957526464,-46.5738276672,9.6163012032,299.5336563382,263.725,227.9163436618,32.1580844103,49.4900396807,34.7798930689,249.2,255.25,263.725
2021-10-09 00:00:00,246.5,256.0,235.0,248.0,334.417,-34.8293014058,-44.2249224149,9.3956210091,299.5771318134,263.675,227.7728681866,30.2868525021,45.1490353082,37.2119804579,248.6,251.2,263.675
2021-10-16 00:00:00,242.5,296.0,242.5,284.5,1204.279,-29.8532925835,-41.3505964486,11.4973038651,301.7432954919,264.6,227.4567045081,67.7056997763,43.3835455629,47.4770731033,256.9,251.9,264.6
2021-10-23 00:00:00,286.5,313.5,280.5,308.5,2669.75,-23.6999717958,-37.8204715181,14.1204997222,308.7364038946,266.525,224.3135961054,89.706510083,62.5663541205,52.9266665353,269.9,257.1,266.525
2021-10-30 00:00:00,315.0,345.0,312.0,331.5,3586.91,-16.7741509873,-33.6112074119,16.8370564246,319.1714354301,268.55,217.9285645699,91.7602530602,83.0574876399,57.4798130562,282.6,266.25,268.55
2021-11-06 00:00:00,340.5,341.0,297.0,315.0,1952.123,-12.4730190036,-29.3835697303,16.9105507266,325.0345169888,270.3,215.5654830112,80.0154437213,87.1607356215,53.4831764926,297.5,273.35,270.3
2021-11-13 00:00:00,330.0,392.5,328.0,369.0,4300.654,-4.6533512784,-24.4375260399,19.7841747615,346.2604658739,275.325,204.3895341261,83.9617440926,85.2458136247,62.6389134553,321.7,285.15,275.325
2021-11-20 00:00:00,376.0,397.5,363.5,370.0,3405.406,1.6059707431,-19.2288266833,20.8347974264,363.4293295386,280.8,198.1706704614,79.1630113674,81.0467330604,62.7849939645,338.8,297.85,280.8
2021-11-27 00:00:00,370.0,411.5,360.0,387.5,3931.771,7.887707703,-13.805519806,21.693227509,382.4013973427,286.775,191.1486026573,79.2041880789,80.776314513,65.339080392,354.6,312.25,286.775
2021-12-04 00:00:00,379.0,425.0,376.0,417.5,3767.462,15.1125704755,-8.0219017497,23.1344722253,406.42994819,294.0,181.57005181,90.499253332,82.9554842594,69.2368501831,371.8,327.2,294.0
2021-12-11 00:00:00,419.0,436.0,380.0,386.0,2454.42,18.0880319586,-2.7999150081,20.8879469667,418.5692331532,298.5,178.4307668468,63.9056715901,77.8697043337,61.4259359463,386.0,341.75,298.5
2021-12-18 00:00:00,390.0,400.0,350.5,372.5,2300.593,19.13617948,1.5873038895,17.5488755904,427.2962934842,302.7,178.1037065158,33.7272520193,62.7107256471,58.3858885194,386.7,354.2,302.7
2021-12-25 00:00:00,370.5,409.0,370.0,404.0,1875.698,22.2521220739,5.7202675264,16.5318545475,441.2009731144,309.025,176.8490268856,51.8151616071,49.8160284055,62.9887112842,393.5,366.15,309.025
2022-01-01 00:00:00,414.5,437.5,407.5,433.5,3934.613,26.7930785554,9.9348297322,16.8582488232,459.0599362317,317.875,176.6900637683,83.6485230326,56.3969788863,66.7030709322,402.7,378.65,317.875
2022-01-08 00:00:00,439.5,448.5,378.0,393.0,2974.09,26.8147045332,13.3108046924,13.5038998408,465.4618665461,325.525,185.5881334539,55.5190934096,63.6609260165,58.0846308002,397.8,384.8,325.525
2022-01-15 00:00:00,378.0,398.0,358.0,364.5,1553.414,24.2525630112,15.4991563562,8.753406655,466.7967253763,331.55,196.3032746237,23.6375748964,54.2683971129,52.904399521,393.5,389.75,331.55
2022-01-22 00:00:00,366.0,396.5,366.0,376.0,1258.185,22.8861836078,16.9765618065,5.9096218013,468.660249312,337.8,206.939750688,17.5320714729,32.2295799263,54.6614849302,394.2,390.45,337.8
2022-01-29 00:00:00,363.0,374.5,342.0,364.0,1455.114,20.597582267699998,17.7007658987,2.8968163689,466.8650621875,343.85,220.8349378125,17.1708841141,19.4468434945,52.4619782472,386.2,389.85,343.85
2022-02-12 00:00:00,378.0,386.5,364.0,380.0,787.061,19.8461415337,18.1298410257,1.716300508,464.6705144677,350.675,236.6794855323,29.2197911285,21.3075822385,55.0586293167,375.5,389.1,350.675
2022-02-19 00:00:00,371.5,403.0,368.0,400.5,1460.179,20.6665666963,18.6371861598,2.0293805364,466.1194185336,357.3,248.4805814664,79.0129240213,41.8011997546,58.2084075071,377.0,387.4,357.3
2022-02-26 00:00:00,402.0,422.0,361.0,366.0,4901.478,18.3216967615,18.5740882802,-0.2523915187,456.7232424351,363.575,270.4267575649,46.2571565671,51.4966239056,51.647916004,377.3,385.4,363.575
2022-03-05 00:00:00,369.0,419.5,352.5,408.5,3567.559,19.6660670775,18.7924840396,0.8735830378,448.3611044084,371.6,294.8388955916,73.8476755617,66.3725853834,57.9372270977,383.8,389.0,371.6
2022-03-12 00:00:00,401.5,405.0,358.5,393.5,4396.287,19.2986527429,18.8937177803,0.4049349626,441.8128730447,377.05,312.2871269553,64.9654907365,61.6901076218,55.2077770357,389.7,387.95,377.05
2022-03-19 00:00:00,400.0,453.5,378.0,443.5,6313.164,22.7794688313,19.6708679905,3.1086008408,446.4959914987,383.8,321.1040085013,84.5814263941,74.4648642308,61.6870524485,402.4,388.95,383.8
2022-03-26 00:00:00,451.0,479.0,437.0,438.0,5253.199,24.8082624182,20.698346876,4.1099155422,451.1762467139,389.125,327.0737532861,73.9822483642,74.5097218316,60.6478113207,409.9,393.45,389.125
2022-04-02 00:00:00,438.0,470.0,430.0,437.5,2726.707,26.0751717821,21.7737118572,4.3014599248,449.9251646088,395.25,340.5748353912,69.4376822795,76.000452346,60.5479462253,424.2,400.75,395.25
2022-04-09 00:00:00,431.5,431.5,401.0,403.0,1976.396,24.0184748816,22.2226644621,1.7958104195,450.2222650635,396.95,343.6777349365,45.0423776795,62.8207694411,53.947088478,423.1,403.45,396.95
2022-04-16 00:00:00,396.0,397.0,362.5,365.0,1817.515,19.1020488213,21.5985413339,-2.4964925127,450.5757445424,396.7,342.8242554576,10.8276688792,41.7692429461,47.7697284393,417.4,403.55,396.7
2022-04-23 00:00:00,367.0,387.0,359.0,365.0,2246.358,15.0324608958,20.2853252463,-5.2528643505,451.2520111334,395.575,339.8979888666,2.244113086,19.3713865482,47.7697284393,401.7,402.05,395.575
2022-04-30 00:00:00,356.0,362.0,329.0,349.5,1595.331,10.4362599752,18.3155121921,-7.8792522169,450.5792384485,392.175,333.7707615515,7.9414511853,7.0044110502,45.315048781,384.0,396.95,392.175
2022-05-07 00:00:00,349.5,369.0,344.0,344.5,648.16,6.3174557215,15.915900898,-9.5984451764,452.4284457531,390.1,327.7715542469,11.4523827824,7.2126490179,44.5203121312,365.4,394.8,390.1
2022-05-14 00:00:00,343.0,364.5,319.5,355.5,1705.18,3.895971412,13.5119150008,-9.6159435888,453.1039006248,389.25,325.3960993752,36.7447540537,18.7128626738,46.7336175955,355.9,389.5,389.25
2022-05-21 00:00:00,369.0,381.5,350.0,380.5,2580.59,3.9487005551,11.5992721116,-7.6505715566,451.6371079634,388.075,324.5128920366,78.4336296843,42.2102555068,51.4720163027,359.0,388.2,388.075
2022-05-28 00:00:00,382.0,385.0,347.0,357.0,1086.554,2.0703692506,9.6934915394,-7.6231222888,445.3528732958,384.25,323.1471267042,67.0011872834,60.7265236738,47.2198024199,357.4,379.55,384.25
2022-06-04 00:00:00,365.0,418.0,365.0,409.5,2779.995,4.7631823967,8.7074297109,-3.9442473142,447.1576873512,385.075,322.9923126488,87.2947444456,77.5765204711,55.9708550532,369.4,376.7,385.075
2022-06-11 00:00:00,414.0,460.0,400.0,446.0,4221.835,9.7303359169,8.9120109521,0.8183249648,456.2778558052,389.15,322.0221441948,92.3858588284,82.2272635191,60.8329993538,389.7,377.55,389.15
2022-06-18 00:00:00,426.0,465.0,401.0,404.5,5357.374,10.2005520832,9.1697191783,1.0308329049,457.7391222585,390.575,323.4108777415,62.0909892922,80.5905308554,53.5871666447,399.5,377.7,390.575
2022-06-25 00:00:00,409.5,409.5,365.5,376.0,2895.743,8.1792051812,8.9716163789,-0.7924111977,457.5116325551,391.175,324.8383674449,33.0623211952,62.5130564386,49.2488007316,398.6,378.8,391.175
2022-07-02 00:00:00,385.0,401.0,334.5,334.5,1842.431,3.1917772075,7.8156485446,-4.6238713371,460.0227558521,388.9,317.7772441479,5.251438279,33.4682495888,43.7007299221,394.1,375.75,388.9
2022-07-09 00:00:00,340.0,376.0,335.0,340.0,3514.543,-0.3133789224,6.1898430512,-6.5032219736,460.142647524,385.875,311.607352476,0.1467775204,12.8201789982,44.5916138276,380.2,374.8,385.875
2022-07-16 00:00:00,348.0,357.0,306.5,338.0,2814.327,-3.2155567573,4.3087630895,-7.5243198468,461.4511545464,384.475,307.4988454536,11.6320010332,5.6767389442,44.3169885055,358.6,374.15,384.475
2022-07-23 00:00:00,345.0,389.0,343.0,378.0,2644.504,-2.2618150979,2.994647452,-5.2564625499,459.0883229721,382.95,306.8116770279,53.7215049319,21.8334278285,50.8382206594,353.3,376.4,382.95
2022-07-30 00:00:00,377.0,402.5,367.5,387.0,2159.192,-0.7708572155,2.2415465185,-3.012403734,458.6227168654,382.625,306.6272831346,78.9953918095,48.1162992582,52.1948124177,355.5,377.05,382.625
2022-08-06 00:00:00,387.0,407.0,378.0,403.0,1467.014,1.6824101535,2.1297192455,-0.447309092,451.5364955435,380.6,309.6635044565,95.6528576163,76.1232514526,54.5936473027,369.2,381.65,380.6
2022-08-13 00:00:00,405.0,408.0,371.0,373.5,1677.324,1.232036609,1.9501827182,-0.7181461092,442.7259025856,377.375,312.0240974144,77.4014485778,84.0165660012,49.6470610034,375.9,378.05,377.375
2022-08-20 00:00:00,379.5,403.0,370.0,400.0,2715.412,2.979099654,2.1559661054,0.8231335486,435.2578237556,375.5,315.7421762444,86.2525388345,86.4356150095,53.7050051234,388.3,373.45,375.5
2022-08-27 00:00:00,407.0,424.5,376.0,380.5,5780.47,2.7583758329,2.2764480509,0.481927782,432.7203123117,374.375,316.0296876883,40.1612860018,67.9384244714,50.4810915157,388.8,371.05,374.375
2022-09-03 00:00:00,369.0,413.5,366.5,409.0,3974.401,4.8275138552,2.7866612118,2.0408526435,436.8062756693,376.575,316.3437243307,62.151539073,62.8551213031,54.7559796457,393.2,374.35,376.575
2022-09-10 00:00:00,417.0,421.0,378.0,395.0,3437.382,5.2768098687,3.2846909431,1.9921189256,438.5993489742,378.075,317.5506510258,52.3267348139,51.5465199629,52.3645430651,391.6,380.4,378.075
2022-09-17 00:00:00,403.5,420.0,389.0,389.0,4039.141,5.0900553508,3.6457638247,1.4442915262,439.1454141622,380.05,320.9545858378,41.3147121146,51.9309953338,51.3298647837,394.7,385.3,380.05
2022-09-24 00:00:00,391.0,402.0,386.0,390.0,1009.425,4.9655034596,3.9097117517,1.055791708,439.004847113,382.325,325.645152887,39.2244077215,44.2886182167,51.5018640105,392.7,390.5,382.325
2022-10-01 00:00:00,386.0,391.0,357.5,375.0,1617.219,3.6147519385,3.850719789,-0.2359678505,438.6315131729,383.3,327.9684868271,29.3064003418,36.6151733926,48.7205376213,391.6,390.2,383.3
2022-10-08 00:00:00,373.0,406.0,369.0,389.0,2521.247,3.6320861947,3.8069930702,-0.1749068755,439.0984152708,383.725,328.3515847292,42.9254952618,37.1521011084,51.3607412084,387.6,390.4,383.725
2022-10-15 00:00:00,378.5,378.5,357.0,363.0,1837.088,1.5302017949,3.3516348151,-1.8214330202,438.8250170506,384.025,329.2249829494,17.9386027129,30.0568327722,46.5657226115,381.2,386.4,384.025
2022-10-22 00:00:00,352.0,368.5,319.0,319.0,2035.199,-3.643983439,1.9525111643,-5.5964946033,440.3438534283,379.5,318.6561465717,2.4453241356,21.1031407034,39.7947799946,367.2,380.95,379.5
2022-10-29 00:00:00,331.0,335.0,300.0,303.5,1993.063,-8.8927726287,-0.2165455943,-8.6762270344,433.8290476189,372.375,310.9209523811,0.4370885517,6.9403384667,37.7143499453,349.9,371.3,372.375
2022-11-05 00:00:00,310.0,323.0,304.5,315.5,1453.29,-11.9464647559,-2.5625294266,-9.3839353293,432.5390644036,367.925,303.3109355964,9.1417952536,4.0080693136,40.3158294224,338.0,364.8,367.925
2022-11-12 00:00:00,323.0,349.0,316.5,335.5,3794.071,-12.6073749438,-4.5714985301,-8.0358764138,432.0388323907,365.9,299.7611676093,35.6383998132,15.0724278728,44.4780986289,327.3,357.45,365.9
2022-11-19 00:00:00,337.0,362.5,337.0,350.0,3254.26,-11.8248131259,-6.0221614492,-5.8026516767,431.5597965147,366.675,301.7902034853,65.4860115791,36.7554022153,47.3451287032,324.7,352.95,366.675
2022-11-26 00:00:00,352.0,427.5,350.0,426.0,6171.025,-5.0142611246,-5.8205813843,0.8063202597,439.8781049282,370.975,302.0718950718,94.1977083197,65.1073732373,59.2288223544,346.1,356.65,370.975
2022-12-03 00:00:00,426.0,478.5,421.0,475.0,6630.952,4.2876159262,-3.7989419222,8.0865578484,459.5992231314,377.825,296.0507768686,101.9058200293,87.1965133094,64.7522807137,380.4,365.15,377.825
2022-12-10 00:00:00,483.5,500.0,458.5,469.5,5696.401,11.0878031777,-0.8215929022,11.9093960799,474.3122524476,382.4,290.4877475524,91.8962000214,95.9999094568,63.708979365,411.2,374.6,382.4
2022-12-17 00:00:00,475.0,482.0,428.0,431.0,3254.361,13.2180034097,1.9863263602,11.2316770496,479.1656605222,384.6,290.0343394778,67.9819054594,87.2613085034,56.8089040178,430.3,378.8,384.6
2022-12-24 00:00:00,440.0,440.0,394.0,404.0,2534.469,12.5824850342,4.105558095,8.4769269392,479.2596613724,384.65,290.0403386276,43.1734996258,67.6838683688,52.5134282356,441.1,382.9,384.65
2022-12-31 00:00:00,412.0,425.0,391.0,418.0,2121.617,13.0579907509,5.8960446262,7.1619461248,482.5148856061,386.875,291.2351143939,26.7560049123,45.9704699992,54.4372028815,439.5,392.8,386.875
2023-01-07 00:00:00,415.0,424.0,408.0,414.5,1156.086,13.0025266743,7.3173410358,5.6851856385,483.9065815508,387.6,291.2934184492,19.7470336756,29.8921794046,53.8498587419,427.4,403.9,387.6
2023-01-14 00:00:00,418.0,445.0,406.0,422.0,3872.466,13.4091855695,8.5357099425,4.873475627,487.1726169901,389.675,292.1773830099,27.8276664832,24.7769016904,54.9710168952,417.9,414.55,389.675
2023-01-21 00:00:00,426.5,434.5,419.5,431.0,629.608,14.2929304525,9.6871540445,4.605776408,489.7429865853,390.775,291.8070134147,61.4134965869,36.3293989152,56.3416679786,417.9,424.1,390.775
2023-02-04 00:00:00,452.0,473.0,443.5,459.0,3138.433,17.0560590023,11.1609350361,5.8951239663,497.7628527032,393.975,290.1871472968,79.6146648803,56.2852759835,60.3820884062,428.9,435.0,393.975
2023-02-11 00:00:00,458.0,555.0,442.0,535.0,7697.418,25.0892103277,13.9465900944,11.1426202333,523.4092176409,401.275,279.1407823591,87.7307620054,76.2529744909,68.8175659803,452.3,445.9,401.275
2023-02-18 00:00:00,537.0,556.0,517.0,539.0,6345.391,31.4161612484,17.4405043252,13.9756569232,545.934520875,408.725,271.515479125,91.0385051814,86.1279773557,69.1894001804,477.2,452.3,408.725
2023-02-25 00:00:00,544.0,615.0,514.0,598.0,9389.13,40.721707853,22.0967450308,18.6249628222,580.8930648833,419.875,258.8569351167,93.2507422162,90.6733364677,74.0960210565,512.4,465.15,419.875
2023-03-04 00:00:00,610.0,638.0,594.0,612.0,6986.054,48.6651223397,27.4104204925,21.2547018471,613.528313309,431.025,248.521686691,89.889962416,91.3930699379,75.1089663444,548.6,483.25,431.025
2023-03-11 00:00:00,625.0,654.0,592.0,606.0,7348.866,53.8553744607,32.6994112862,21.1559631745,639.1009696129,443.175,247.2490303871,81.2287978477,88.1231674933,73.7774363067,578.0,503.45,443.175
2023-03-18 00:00:00,600.0,622.0,568.0,616.0,4639.755,58.1057956443,37.7806881578,20.3251074865,659.5206497514,458.025,256.5293502486,74.7199191035,81.9462264557,74.5860927592,594.2,523.25,458.025
2023-03-25 00:00:00,631.0,780.0,625.0,746.0,12639.763,71.1440937723,44.4533692807,26.6907244916,707.0037332181,480.15,253.2962667819,83.3976820476,79.7821329996,82.2495693737,635.6,556.4,480.15
2023-04-01 00:00:00,752.0,761.0,716.0,719.0,4331.96,78.3946795561,51.2416313358,27.1530482203,737.5365407579,500.325,263.1134592421,74.5284910361,77.5486973958,77.0526377615,659.8,586.1,500.325
2023-04-08 00:00:00,716.0,727.0,663.0,713.0,2956.405,82.7033187934,57.5339688273,25.1693499661,761.4419407328,519.2,276.9580592672,69.3630327884,75.763068624,75.9048669869,680.0,614.3,519.2
2023-04-15 00:00:00,720.0,796.0,702.0,714.0,8442.7,85.2163174119,63.0704385442,22.1458788677,780.8647749676,537.4,293.9352250324,64.5591126113,69.4835454786,75.9691166449,701.6,639.8,537.4
2023-04-22 00:00:00,744.0,752.0,701.0,705.0,3044.682,85.4961161311,67.5555740616,17.9405420695,800.0954432246,551.35,302.6045567754,50.2885298528,61.4035584175,74.0551947399,719.4,656.8,551.35
2023-04-29 00:00:00,691.0,737.0,638.0,713.0,4775.587,85.3791935763,71.1202979646,14.2588956118,819.6213207927,563.25,306.8786792073,46.3582046572,53.7352823737,74.6661652256,712.8,674.2,563.25
2023-05-06 00:00:00,720.0,733.0,659.0,659.0,2946.116,80.0069130154,72.8976209747,7.1092920407,828.4864379041,572.725,316.9635620959,20.0202494092,38.8889946397,63.752824756,700.8,680.3,572.725
2023-05-13 00:00:00,665.0,700.0,621.0,688.0,6305.661,77.1994919148,73.7579951627,3.4414967521,836.9449287281,585.575,334.2050712719,30.499414339,32.2926228018,66.5780589125,695.8,687.9,585.575
2023-05-20 00:00:00,688.0,723.0,658.0,720.0,5682.208,76.6728857315,74.3409732765,2.331912455,843.8633728527,601.375,358.8866271473,63.0308841568,37.850182635,69.4112667628,697.0,699.3,601.375
2023-05-27 00:00:00,728.0,838.0,675.0,838.0,7204.048,84.7996428731,76.4327071958,8.3669356773,870.945479882,622.375,373.804520118,92.61977103,62.0500231753,77.1151746554,723.6,721.5,622.375
2023-06-03 00:00:00,860.0,868.0,783.0,799.0,8006.292,87.089271484,78.5640200534,8.5252514305,881.4080469876,641.6,401.7919530124,80.9106329868,78.8537627245,70.7710392204,740.8,726.8,641.6
2023-06-10 00:00:00,820.0,858.0,790.0,835.0,7107.809,90.7624645953,81.0037089618,9.7587556335,892.9910537269,662.25,431.5089462731,86.7030586503,86.7444875557,72.9807172258,776.0,738.4,662.25
2023-06-17 00:00:00,846.0,876.0,781.0,785.0,10070.998,88.6173883765,82.5264448448,6.0909435318,888.2542017699,679.95,471.6457982301,66.8482228974,78.1539715115,65.5667377215,795.4,745.6,679.95
2023-06-24 00:00:00,785.0,808.0,767.0,770.0,2936.32,84.730307141,82.967217304,1.763089837,878.1136865079,695.5,512.8863134921,51.4917790619,68.3476868699,63.4831691815,805.4,751.2,695.5
2023-07-01 00:00:00,762.0,792.0,739.0,778.0,3845.925,81.357462217,82.6452662866,-1.2878040696,876.5209160128,707.65,538.7790839872,32.498247505,50.2794164881,64.1377231876,793.4,758.5,707.65
2023-07-08 00:00:00,917.0,922.0,824.0,824.0,8522.634,81.4572850006,82.4076700294,-0.9503850288,877.8974932491,721.9,565.9025067509,40.227791671,41.4059394126,67.7205889441,798.4,769.6,721.9
2023-07-15 00:00:00,835.0,923.0,794.0,903.0,10379.005,86.909199888,83.3079760011,3.6012238869,901.9421729786,737.15,572.3578270214,75.7270121658,49.4843504473,72.7548508956,812.0,794.0,737.15
2023-07-22 00:00:00,903.0,909.0,785.0,817.0,6940.307,83.3298260831,83.3123460175,0.0174800656,904.3887301688,747.4,590.4112698312,52.8983251177,56.2843763182,61.5087242437,818.4,806.9,747.4
2023-07-29 00:00:00,825.0,881.0,785.0,816.0,6496.636,79.4960736595,82.5490915459,-3.0530178864,902.0813264608,757.9,613.7186735392,44.1567894675,57.5940422503,61.3898947802,827.6,816.5,757.9
2023-08-05 00:00:00,837.0,853.0,671.0,689.0,5671.49,65.4554291834,79.1303590734,-13.67492989,893.2176136147,761.55,629.8823863853,15.3654380018,37.473517529,48.559266123,809.8,801.6,761.55
2023-08-12 00:00:00,686.0,691.0,593.0,603.0,6397.611,46.8485945746,72.6740061737,-25.825411599,904.7347744203,754.4,604.0652255797,3.0275393362,20.8499222685,42.1369258949,765.6,782.0,754.4
2023-08-19 00:00:00,600.0,620.0,571.0,595.0,4003.594,31.0985264957,64.3589102381,-33.2603837424,914.8050587467,748.2,581.5949412533,2.9964721076,7.1298164818,41.5859356741,704.0,758.0,748.2
2023-08-26 00:00:00,608.0,633.0,586.0,602.0,4517.969,18.9627349638,55.2796751832,-36.3169402194,921.7065895883,742.65,563.5934104117,6.1892914155,4.0711009531,42.2969406149,661.0,739.7,742.65
2023-09-02 00:00:00,605.0,623.0,589.0,589.0,1884.669,8.2014996045,45.8640400675,-37.662540463,928.5292283855,736.4,544.2707716145,5.2274074312,4.8043903181,41.2917498782,615.6,721.6,736.4
2023-09-09 00:00:00,587.0,669.0,582.0,632.0,6246.206,3.1070673474,37.3126455235,-34.205578176,930.3374309641,732.75,535.1625690359,38.6135952156,16.6767646874,45.8737709288,604.2,707.0,732.75
2023-09-16 00:00:00,632.0,705.0,603.0,678.0,6261.553,2.7498105381,30.4000785264,-27.6502679883,930.003118066,731.0,531.996881934,71.7781363926,38.5397130131,50.3390350981,619.2,692.4,731.0
2023-09-23 00:00:00,666.0,694.0,640.0,676.0,6619.557,2.2790274477,24.7758683107,-22.496840863,929.6453368384,731.85,534.0546631616,79.5164376251,63.3027230778,50.1453363641,635.4,669.7,731.85
2023-09-30 00:00:00,696.0,696.0,650.0,678.0,2435.85,2.0437526339,20.2294451753,-18.1856925414,929.6863841432,731.35,533.0136158568,81.897106779,77.7305602656,50.35107527,650.6,655.8,731.35
2023-10-07 00:00:00,687.0,718.0,671.0,692.0,3647.044,2.9529390033,16.7741439409,-13.8212049376,929.0522337268,729.95,530.8477662732,83.6553718347,81.6896387463,51.8490290325,671.2,643.4,729.95
2023-10-14 00:00:00,705.0,705.0,646.0,647.0,1720.833,0.0418691902,13.4276889908,-13.3858198006,915.8031662998,720.4,524.9968337002,51.4355708433,72.329349819,46.946083289,674.2,639.2,720.4
2023-10-21 00:00:00,635.0,641.0,605.0,626.0,2283.796,-3.9145743295,9.9592363267,-13.8738106562,907.8498339494,711.75,515.6501660506,25.3293461993,53.4734296258,44.8162601721,663.8,641.5,711.75
2023-10-28 00:00:00,625.0,699.0,622.0,643.0,3465.408,-5.613616126,6.8446658362,-12.4582819621,891.2039797915,702.15,513.0960202085,28.3996570283,35.0548580237,46.9157983296,657.2,646.3,702.15
2023-11-04 00:00:00,646.0,688.0,625.0,660.0,2635.909,-5.5246760392,4.3707974611,-9.8954735003,881.499967403,695.9,510.300032597,41.7575859652,31.8288630643,49.0052059211,653.6,652.1,695.9
2023-11-11 00:00:00,673.0,688.0,642.0,652.0,2504.934,-6.0302110021,2.2905957685,-8.3208067705,873.052074558,690.0,506.947925442,45.5713885223,38.5762105053,48.0468030141,645.6,658.4,690.0
2023-11-18 00:00:00,665.0,747.0,658.0,733.0,4788.239,0.1039734117,1.8532712971,-1.7492978855,867.154261028,687.75,508.345738972,79.2376258338,55.5222001071,57.1784307347,662.8,668.5,687.75
2023-11-25 00:00:00,739.0,767.0,714.0,714.0,5362.381,3.3931039533,2.1612378284,1.231866125,849.9134989346,682.25,514.5865010654,70.3605630646,65.0565258069,54.7476023979,680.4,672.1,682.25
2023-12-02 00:00:00,714.0,786.0,690.0,781.0,5209.034,11.2761195748,3.9842141776,7.2919053972,815.2617654083,676.15,537.0382345917,91.4978261285,80.3653383423,61.0378888671,708.0,682.6,676.15
2023-12-09 00:00:00,779.0,806.0,721.0,798.0,4600.607,18.679893984,6.9233501389,11.7565438451,810.2833875797,675.2,540.1166124203,96.8019438081,86.2201110004,62.4636275461,735.6,694.6,675.2
2023-12-16 00:00:00,803.0,886.0,798.0,814.0,6863.02,25.5440489315,10.6474898974,14.8965590341,809.726052085,675.1,540.473947915,77.6823011399,88.6606903588,63.8060499107,768.0,706.8,675.1
2023-12-23 00:00:00,820.0,837.0,806.0,810.0,1963.043,30.3117595151,14.580343821,15.7314156941,829.2473169068,681.15,533.0526830932,65.189656219,79.891300389,63.1975482036,783.4,723.1,681.15
2023-12-30 00:00:00,816.0,843.0,784.0,839.0,3436.919,36.0151024565,18.8672955481,17.1478069084,852.5313130507,692.95,533.3686869493,72.1721421585,71.6813665058,65.747953254,808.4,744.4,692.95
2024-01-06 00:00:00,846.0,864.0,777.0,789.0,1871.105,36.0845010293,22.3107366443,13.773764385,860.668930116,702.65,544.631069884,48.7736149312,62.0451377696,58.2524118365,810.0,759.0,702.65
2024-01-13 00:00:00,802.0,809.0,755.0,757.0,3634.429,33.1749471928,24.483578754,8.6913684388,862.4614625735,710.4,558.3385374265,11.2695569535,44.0717713477,54.0086704138,801.8,768.7,710.4
2024-01-20 00:00:00,757.0,785.0,737.0,765.0,2924.964,31.1554967832,25.8179623598,5.3375344233,861.2873097782,719.2,577.1126902218,14.8482275129,24.9637997992,54.8933784949,792.0,780.0,719.2
2024-01-27 00:00:00,783.0,799.0,760.0,775.0,3430.281,30.0159786926,26.6575656264,3.3584130662,864.0934727129,726.35,588.6065272871,23.4481611092,16.5219818585,56.0319388069,785.0,784.2,726.35
2024-02-03 00:00:00,764.0,818.0,764.0,779.0,3769.473,29.1002197476,27.1460964506,1.954123297,869.0828289948,731.4,593.7171710052,29.578623916,22.6250041794,56.5048733284,773.0,790.7,731.4
2024-02-10 00:00:00,778.0,778.0,766.0,768.0,246.041,27.1736254774,27.151602256,0.0220232214,871.9480378674,736.0,600.0519621326,35.8848542715,29.6372130989,54.7604647908,768.8,789.4,736.0
2024-02-17 00:00:00,785.0,852.0,785.0,815.0,2402.764,29.1038023258,27.5420422699,1.5617600558,880.3611605471,742.85,605.3388394529,60.2239610408,41.8958130761,60.3875541576,780.4,791.1,742.85
2024-02-24 00:00:00,816.0,822.0,760.0,770.0,4111.674,26.6946382916,27.3725614743,-0.6779231827,882.524176024,746.75,610.975823976,25.4918779077,40.5335644067,53.5230962504,781.4,786.7,746.75
2024-03-02 00:00:00,769.0,809.0,764.0,795.0,2471.753,26.4972062045,27.1974904203,-0.7002842158,882.6509115726,754.15,625.6490884274,33.5337137345,39.7498508943,56.4826959018,785.4,785.2,754.15
2024-03-09 00:00:00,819.0,820.0,728.0,731.0,4844.607,20.9351473761,25.9450218115,-5.0098744354,872.92515316,759.4,645.87484684,9.9535212561,22.9930376328,48.0475652564,775.8,774.4,759.4
2024-03-16 00:00:00,730.0,737.0,685.0,712.0,4243.052,14.823162284,23.720649906,-8.897487622,864.5521891357,762.85,661.1478108643,12.4861639062,18.6577996322,45.858038864,764.6,766.7,762.85
2024-03-23 00:00:00,713.0,752.0,707.0,735.0,2912.608,11.7004028838,21.3166005015,-9.6161976177,856.7103123954,766.6,676.4896876046,29.2862140305,17.2419663976,48.8940884255,748.6,764.5,766.6
2024-03-30 00:00:00,740.0,743.0,697.0,719.0,1542.243,7.8441053152,18.6221014643,-10.777996149,845.2767248392,769.95,694.6232751608,26.8053867604,22.859254899,46.9228633718,738.4,759.9,769.95
2024-04-06 00:00:00,727.0,781.0,717.0,771.0,2375.69,8.881546191,16.6739904096,-7.7924442187,845.0441888062,771.85,698.6558111938,54.6690184379,36.9202064096,53.4862667855,733.6,759.5,771.85
2024-04-13 00:00:00,775.0,928.0,760.0,927.0,8222.837,22.0375862367,17.746709575,4.2908766617,879.5929271368,782.5,685.4070728632,90.8071779207,57.427194373,66.7642700799,772.8,774.3,782.5
2024-04-20 00:00:00,924.0,929.0,799.0,820.0,6955.953,23.5582718995,18.9090220399,4.6492498596,883.0392969597,784.45,685.8607030403,67.1086156626,70.8616040071,55.1378664902,794.4,779.5,784.45
2024-04-27 00:00:00,822.0,863.0,764.0,843.0,3539.348,26.3159797903,20.39041359,5.9255662003,888.7437950098,786.7,684.6562049902,65.0964763548,74.3374233127,56.8762536824,816.0,782.3,786.7
2024-05-04 00:00:00,853.0,884.0,817.0,840.0,2142.749,27.9373636957,21.8998036111,6.0375600846,892.247604289,788.0,683.752395711,60.3679561412,64.1910160528,56.5683476585,840.2,789.3,788.0
2024-05-11 00:00:00,870.0,901.0,840.0,844.0,6851.201,29.2083925253,23.361521394,5.8468711314,896.655991417,789.7,682.744008583,52.3625095991,59.275647365,56.9033548169,854.8,794.2,789.7
2024-05-18 00:00:00,847.0,881.0,822.0,870.0,2488.404,31.9454277335,25.0783026619,6.8671250716,902.2223833888,791.25,680.2776166112,60.6002677397,57.77691116,59.1111108821,843.4,808.1,791.25
2024-05-25 00:00:00,873.0,920.0,853.0,905.0,4279.027,36.5178008711,27.3662023037,9.1515985674,919.5998448591,797.05,674.5001551409,83.1768897572,65.379889032,61.9378172192,860.4,827.4,797.05
2024-06-01 00:00:00,902.0,908.0,850.0,852.0,3502.177,35.4560669946,28.9841752419,6.4718917527,925.2142682189,801.8,678.3857317811,48.3199520231,64.03236984,55.6625660542,862.2,839.1,801.8
2024-06-08 00:00:00,863.0,928.0,856.0,902.0,5243.947,38.208770459,30.8290942853,7.3796761737,938.8013437311,808.65,678.4986562689,67.1392119066,66.2120178956,59.8004233984,874.6,857.4,808.65
2024-06-15 00:00:00,902.0,1065.0,883.0,1010.0,3866.358,48.5454039942,34.3723562271,14.1730477671,978.5781002541,820.4,662.2218997459,75.3480662023,63.602410044,66.9707929806,907.8,881.3,820.4
2024-06-22 00:00:00,1005.0,1075.0,984.0,1020.0,3199.72,56.8884028723,38.8755655561,18.0128373162,1013.5212441969,832.45,651.3787558031,76.5468023203,73.011360143,67.5479880561,937.8,890.6,832.45
2024-06-29 00:00:00,1015.0,1100.0,995.0,1050.0,4913.241,65.1698019606,44.134412837,21.0353891236,1050.0934952903,846.55,643.0065047097,79.9320079919,77.2756255048,69.2822693362,966.8,913.6,846.55
2024-07-06 00:00:00,1050.0,1120.0,1025.0,1095.0,3182.948,74.5051453835,50.2085593463,24.2965860372,1092.8364621001,860.55,628.2635378999,88.6930346846,81.7239483322,71.7233483302,1015.4,938.8,860.55
2024-07-13 00:00:00,1090.0,1110.0,1010.0,1025.0,2593.071,75.3860538158,55.2440582402,20.1419955756,1112.8731873562,873.3,633.7268126438,68.3815900322,79.0022109029,63.2968864102,1040.0,957.3,873.3
2024-07-20 00:00:00,1030.0,1075.0,979.0,979.0,2716.725,71.5476082422,58.5047682406,13.0428400016,1123.6093579685,882.5,641.3906420315,16.2505254539,57.7750500569,58.4381262279,1033.8,970.8,882.5
2024-07-27 00:00:00,968.0,1080.0,928.0,1060.0,2240.344,74.1864601916,61.6411066308,12.5453535608,1141.4917953158,898.95,656.4082046842,50.7176279458,45.116581144,63.7193019831,1041.8,989.8,898.95
2024-08-03 00:00:00,1070.0,1085.0,1005.0,1045.0,1698.265,74.2119258479,64.1552704742,10.0566553737,1149.2681993768,915.6,681.9318006232,57.9831215824,41.650424994,62.1444887875,1040.8,1003.8,915.6
